{"pitch": [-1.8645888464939715, 12.430160512258032, 164.293446491149, 57.0411586200065], "energy": [-1.3622595071792603, 7.207120418548584, 47.08329179718238, 34.562646348492656]}